"","Sediment","Water","Unknown"
"1",0.000853232617754385,0.00219723203144319,0.0021972320314432
